region,sc_duringchoice_amp_loc,sc_duringchoice_slope_last,sc_duringchoice_amp_slope,sc_duringchoice_slope_last_n,sc_duringchoice_move_shape,sc_duringchoice,sc_duringchoice_move_init,sc_duringchoice_integrator,sc_duringchoice_regtype,sc_duringstim_amp_slope,sc_duringstim,sc_duringstim0,sc_duringstim_move_init,sc_duringstim_integrator,sc_duringstim_regtype,sc_stim_regtype,amp_stim_s,amp_choice_s,amp_stim_se,amp_stim_se1,sigma_stim_s,sigma_stim_s_prime,stim_processor,stim_processor_loose,has_stim,has_choice,mixed_stim_choice,duringstim_label,duringchoice_label
SPVI,False,False,True,True,,,0,0,,True,,,0,0,,,0.0,0.0,0.0,0.0,,,False,False,False,False,False,,
x,False,True,False,False,,,0,0,,True,,,0,0,,,0.0,0.0,0.0,0.0,,,False,False,False,False,False,,
SPIV,False,True,True,True,,1.0,0,1,0.5,True,1.0,1.0,0,1,0.5,,0.0,1.666375477339729,0.0,0.0,0.0,0.0,False,False,False,True,False,integrator,integrator
SUV,True,True,True,True,,1.0,0,1,0.5,True,1.0,1.0,0,1,0.5,,0.0,3.7172974167603714,0.0,0.0,0.0,0.0,False,False,False,True,False,integrator,integrator
ICB,False,False,True,True,,,0,0,,True,,,0,0,,,0.0,0.0,0.0,0.0,,,False,False,False,False,False,,
IP,True,True,True,True,1.0,0.7660470359588624,1,0,1.0,True,0.6275455435019346,0.6876806898261771,1,0,1.0,0.1,1.518703127578572,3.3439585078269696,0.0,0.4659691587300565,0.31231931017382286,0.3724544564980653,False,False,True,True,True,move,move
CENT3,False,True,True,False,,1.0,0,1,0.5,True,1.0,1.0,0,1,0.5,,0.0,3.1925976861188357,0.0,0.0,0.0,0.0,False,False,False,True,False,integrator,integrator
PO,True,False,True,True,,,0,0,,True,0.0,0.1,0,0,0.1,0.1,0.0,0.0,0.0,0.10992891404296301,,1.0,False,True,True,False,False,stim_early,
LP,True,False,True,True,,,0,0,,True,0.0,0.1,0,0,0.1,0.1,0.0,0.0,0.0,0.3238400447225708,,1.0,False,True,True,False,False,stim_early,
CA3,False,False,True,False,,,0,0,,True,,,0,0,,,0.0,0.0,0.0,0.0,,,False,False,False,False,False,,
DG,True,False,True,True,,,0,0,,True,,,0,0,,,0.0,0.0,0.0,0.0,,,False,False,False,False,False,,
CA1,True,False,True,True,,,0,0,,True,0.0,0.1,0,0,0.1,0.1,0.0,0.0,0.0,0.16307757136655754,,1.0,False,True,True,False,False,stim_early,
VISa,True,False,True,True,,,0,0,,True,,,0,0,,,0.0,0.0,0.0,0.0,,,False,False,False,False,False,,
COAp,False,True,True,False,1.0,,0,0,,True,,,0,0,,,0.0,0.0,0.0,0.0,,,False,False,False,False,False,,
BMA,False,False,False,False,,,0,0,,False,0.47103599974387106,0.47103599974387106,0,0,,,2.4071445376357707,2.143532893097153,0.0,0.0,0.528964000256129,0.528964000256129,False,False,True,True,True,,
ACB,False,False,True,False,,1.0,0,1,0.5,True,,,0,0,,,0.0,0.0,0.0,0.0,,,False,False,False,False,False,,integrator
CP,False,False,True,False,,1.0,0,1,0.5,True,0.8218029229801533,1.0,0,1,0.5,0.1,0.0,1.4161258620245314,0.0,0.30706813306269587,0.0,0.17819707701984663,False,False,True,True,True,integrator,integrator
MOp,True,False,True,True,,1.0,0,1,0.5,True,,,0,0,,,0.0,0.0,0.0,0.0,,,False,False,False,False,False,,integrator
PRE,False,False,True,True,,,0,0,,True,,,0,0,,,0.0,0.0,0.0,0.0,,,False,False,False,False,False,,
POST,False,True,True,True,,1.0,0,1,0.5,True,,,0,0,,,0.0,0.0,0.0,0.0,,,False,False,False,False,False,,integrator
SUB,False,False,True,False,,,0,0,,True,,,0,0,,,0.0,0.0,0.0,0.0,,,False,False,False,False,False,,
NB,False,False,False,False,,,0,0,,False,,,0,0,,,0.0,0.0,0.0,0.0,,,False,False,False,False,False,,
VISp,False,False,True,False,,,0,0,,True,0.0,0.1,0,0,0.1,0.1,0.0,0.0,0.0,0.6411289268603819,,1.0,False,True,True,False,False,stim_early,
PA,False,False,False,True,,,0,0,,False,,,0,0,,,0.0,0.0,0.0,0.0,,,False,False,False,False,False,,
CA2,False,True,True,False,,,0,0,,True,,,0,0,,,0.0,0.0,0.0,0.0,,,False,False,False,False,False,,
ZI,True,True,True,True,1.0,1.0,1,0,1.0,True,0.0,0.1,1,-1,0.1,0.1,0.0,0.0,0.0,0.48731785261693306,,1.0,False,True,True,False,False,stim_early,move
LGd,True,False,True,True,,,0,0,,True,0.0,0.1,0,0,0.1,0.1,0.0,0.0,0.0,0.6295047508655962,,1.0,False,True,True,False,False,stim_early,
VISrl,False,False,True,True,,,0,0,,True,,,0,0,,,0.0,0.0,0.0,0.0,,,False,False,False,False,False,,
RT,True,True,True,True,1.0,1.0,1,0,1.0,True,1.0,1.0,1,0,1.0,,0.0,2.2956146554730887,0.0,0.0,0.0,0.0,False,False,False,True,False,move,move
VAL,True,True,True,True,1.0,0.615276426107813,1,0,1.0,True,,,1,-1,1.0,,0.0,0.0,0.0,0.0,,,False,False,False,False,False,move,move
AV,False,False,True,True,,,0,0,,True,,,0,0,,,0.0,0.0,0.0,0.0,,,False,False,False,False,False,,
LD,True,False,True,True,,,0,0,,True,0.0,0.1,0,0,0.1,0.1,0.0,0.0,0.0,0.2708657079581367,,1.0,False,True,True,False,False,stim_early,
PGRN,False,True,True,True,,1.0,0,1,0.5,True,0.6501712441744554,0.6501712441744554,0,1,0.5,,1.9217203623601948,3.571596954637421,0.0,0.0,0.3498287558255446,0.3498287558255446,False,False,True,True,True,integrator,integrator
IRN,True,True,True,True,1.0,0.7434236863281084,1,0,1.0,True,0.9245202742544727,1.0,1,0,1.0,0.1,0.0,3.7691486035890245,0.0,0.3077209995448196,0.0,0.07547972574552739,False,False,True,True,True,move,move
PARN,True,True,True,True,1.0,1.0,1,0,1.0,True,1.0,1.0,1,0,1.0,,0.0,1.7752059769072739,0.0,0.0,0.0,0.0,False,False,False,True,False,move,move
NTS,False,False,True,False,,1.0,0,1,0.5,True,,,0,0,,,0.0,0.0,0.0,0.0,,,False,False,False,False,False,,integrator
LAV,False,False,True,False,,1.0,0,1,0.5,True,1.0,1.0,0,1,0.5,,0.0,2.585371306045235,0.0,0.0,0.0,0.0,False,False,False,True,False,integrator,integrator
MRN,True,True,True,True,1.0,0.689797292859274,1,0,1.0,True,0.48470822546711406,0.5976801155555959,1,0,1.0,0.1,1.3315066913644689,1.9780654745831665,0.0,0.7713684301747059,0.4023198844444041,0.515291774532886,False,False,True,True,True,move,move
SCm,True,True,True,True,1.0,0.7192826791483141,1,0,1.0,True,0.5580543331006708,0.6445036598494805,1,0,1.0,0.1,1.2852409163232954,2.330101271951037,0.0,0.5600599791176661,0.35549634015051945,0.4419456668993293,False,False,True,True,True,move,move
POL,False,False,True,True,,0.5025265393815281,0,1,0.5,True,1.0,1.0,0,1,0.5,,0.0,2.480138185698398,0.0,0.0,0.0,0.0,False,False,False,True,False,integrator,integrator
SNc,False,False,True,True,,,0,0,,True,,,0,0,,,0.0,0.0,0.0,0.0,,,False,False,False,False,False,,
APN,False,False,True,True,,1.0,0,1,0.5,True,,,0,0,,,0.0,0.0,0.0,0.0,,,False,False,False,False,False,,integrator
ProS,False,False,True,True,,,0,0,,True,,,0,0,,,0.0,0.0,0.0,0.0,,,False,False,False,False,False,,
TRN,False,False,True,False,,1.0,0,1,0.5,True,0.0,0.1,0,0,0.1,0.1,0.0,0.0,0.0,1.1965557188137161,,1.0,False,True,True,False,False,stim_early,integrator
RN,True,True,True,True,1.0,1.0,1,0,1.0,True,1.0,1.0,1,0,1.0,,0.0,3.275532998673717,0.0,0.0,0.0,0.0,False,False,False,True,False,move,move
PAG,False,False,True,True,,1.0,0,1,0.5,True,0.0,0.1,0,0,0.1,0.1,0.0,0.0,0.0,0.3379776489776112,,1.0,False,True,True,False,False,stim_early,integrator
NPC,True,True,True,True,,1.0,0,1,0.5,True,1.0,1.0,0,1,0.5,,0.0,3.0377360051541755,0.0,0.0,0.0,0.0,False,False,False,True,False,integrator,integrator
SCs,True,False,True,True,,,0,0,,True,,,0,0,,,0.0,0.0,0.0,0.0,,,False,False,False,False,False,,
RSPd,False,False,True,False,,,0,0,,True,,,0,0,,,0.0,0.0,0.0,0.0,,,False,False,False,False,False,,
RSPagl,True,False,True,True,,,0,0,,True,,,0,0,,,0.0,0.0,0.0,0.0,,,False,False,False,False,False,,
RSPv,True,False,True,False,,,0,0,,True,,,0,0,,,0.0,0.0,0.0,0.0,,,False,False,False,False,False,,
VPM,True,True,True,True,1.0,1.0,1,0,1.0,True,1.0,1.0,1,0,1.0,,0.0,1.0090476574695773,0.0,0.0,0.0,0.0,False,False,False,True,False,move,move
AON,True,False,True,True,,,0,0,,True,,,0,0,,,0.0,0.0,0.0,0.0,,,False,False,False,False,False,,
ORBvl,True,False,True,True,,,0,0,,True,,,0,0,,,0.0,0.0,0.0,0.0,,,False,False,False,False,False,,
FRP,True,False,True,False,,0.49964665412272735,0,1,0.5,True,,,0,0,,,0.0,0.0,0.0,0.0,,,False,False,False,False,False,,integrator
MOs,False,False,True,True,,0.5891170570035013,0,1,0.5,True,1.0,1.0,0,1,0.5,,0.0,1.273579307757538,0.0,0.0,0.0,0.0,False,False,False,True,False,integrator,integrator
PERI,False,False,True,False,,,0,0,,False,,,0,0,,,0.0,0.0,0.0,0.0,,,False,False,False,False,False,,
ECT,False,False,False,True,,,0,0,,True,,,0,0,,,0.0,0.0,0.0,0.0,,,False,False,False,False,False,,
TEa,False,False,False,False,,,0,0,,True,0.0,0.1,0,0,0.1,0.1,0.0,0.0,0.0,0.2235591264698461,,1.0,False,True,True,False,False,stim_early,
AUDv,False,False,True,False,,,0,0,,True,0.0,0.1,0,0,0.1,0.1,0.0,0.0,0.0,0.1894883475423581,,1.0,False,True,True,False,False,stim_early,
AUDp,False,False,False,True,,,0,0,,False,,,0,0,,,0.0,0.0,0.0,0.0,,,False,False,False,False,False,,
AUDpo,False,False,True,True,,,0,0,,False,,,0,0,,,0.0,0.0,0.0,0.0,,,False,False,False,False,False,,
VISal,False,False,True,False,,,0,0,,False,0.0,0.1,0,0,0.1,0.1,0.0,0.0,0.0,0.8545742097959668,,1.0,False,True,True,False,False,stim_early,
CUL4 5,True,True,True,True,1.0,0.7288515284531749,1,0,1.0,True,0.9393630535522366,1.0,1,0,1.0,0.1,0.0,2.9179348933220117,0.0,0.18835599419770865,0.0,0.06063694644776338,False,False,True,True,True,move,move
V,True,True,True,True,1.0,1.0,1,0,1.0,True,1.0,1.0,1,0,1.0,,0.0,4.299673007338102,0.0,0.0,0.0,0.0,False,False,False,True,False,move,move
SUT,True,True,True,False,,,0,0,,True,1.0,1.0,0,1,0.5,,0.0,2.0506789703649115,0.0,0.0,0.0,0.0,False,False,False,True,False,integrator,
PB,True,False,True,True,,1.0,0,1,0.5,True,0.0,0.1,0,0,0.1,0.1,0.0,0.0,0.0,0.22986144449138934,,1.0,False,True,True,False,False,stim_early,integrator
MG,False,False,True,True,,,0,0,,True,0.0,0.1,0,0,0.1,0.1,0.0,0.0,0.0,0.23103186362161454,,1.0,False,True,True,False,False,stim_early,
PSV,True,True,True,True,1.0,,0,0,,True,,,0,0,,,0.0,0.0,0.0,0.0,,,False,False,False,False,False,,
I5,False,False,False,True,,,0,0,,False,,,0,0,,,0.0,0.0,0.0,0.0,,,False,False,False,False,False,,
SPF,False,False,True,True,,1.0,0,1,0.5,True,,,0,0,,,0.0,0.0,0.0,0.0,,,False,False,False,False,False,,integrator
PoT,True,True,True,True,1.0,1.0,1,0,1.0,True,,,1,-1,1.0,,0.0,0.0,0.0,0.0,,,False,False,False,False,False,move,move
SGN,False,False,True,False,,,0,0,,True,0.0,0.1,0,0,0.1,0.1,0.0,0.0,0.0,0.48779757553330416,,1.0,False,True,True,False,False,stim_early,
AIp,False,True,True,True,,,0,0,,True,,,0,0,,,0.0,0.0,0.0,0.0,,,False,False,False,False,False,,
VISC,False,False,False,False,,1.0,0,0,,True,,,0,0,,,0.0,0.0,0.0,0.0,,,False,False,False,False,False,,
SSs,False,False,True,False,,1.0,0,1,0.5,True,,,0,0,,,0.0,0.0,0.0,0.0,,,False,False,False,False,False,,integrator
SSp-bfd,True,False,True,False,,1.0,0,1,0.5,True,,,0,0,,,0.0,0.0,0.0,0.0,,,False,False,False,False,False,,integrator
MA,False,False,False,True,,,0,0,,True,,,0,0,,,0.0,0.0,0.0,0.0,,,False,False,False,False,False,,
SI,False,False,False,True,,,0,0,,True,,,0,0,,,0.0,0.0,0.0,0.0,,,False,False,False,False,False,,
GPe,True,False,True,True,,0.5946034123004047,0,1,0.5,True,1.0,1.0,0,1,0.5,,0.0,1.7289419167699513,0.0,0.0,0.0,0.0,False,False,False,True,False,integrator,integrator
VPL,True,True,True,True,1.0,1.0,1,0,1.0,True,0.9475669039106883,1.0,1,0,1.0,0.1,0.0,2.5868444640219668,0.0,0.1431416228135296,0.0,0.052433096089311695,False,False,True,True,True,move,move
EPv,False,False,True,False,,,0,0,,False,,,0,0,,,0.0,0.0,0.0,0.0,,,False,False,False,False,False,,
LA,False,False,True,False,,,0,0,,True,,,0,0,,,0.0,0.0,0.0,0.0,,,False,False,False,False,False,,
PF,False,False,True,False,,1.0,0,1,0.5,True,0.6812811355737826,1.0,0,1,0.5,0.1,0.0,3.5494185410821864,0.0,1.66049900359315,0.0,0.3187188644262174,False,False,True,True,True,integrator,integrator
LH,False,True,False,False,,,0,0,,False,,,0,0,,,0.0,0.0,0.0,0.0,,,False,False,False,False,False,,
SSp-n,False,False,True,False,,,0,0,,True,,,0,0,,,0.0,0.0,0.0,0.0,,,False,False,False,False,False,,
MD,False,False,True,False,,1.0,0,1,0.5,True,,,0,0,,,0.0,0.0,0.0,0.0,,,False,False,False,False,False,,integrator
CL,False,True,True,False,,,0,0,,True,,,0,0,,,0.0,0.0,0.0,0.0,,,False,False,False,False,False,,
SSp-tr,True,False,True,True,,,0,0,,True,,,0,0,,,0.0,0.0,0.0,0.0,,,False,False,False,False,False,,
LSr,False,False,True,False,,,0,0,,True,,,0,0,,,0.0,0.0,0.0,0.0,,,False,False,False,False,False,,
LSv,False,False,False,True,,,0,0,,False,,,0,0,,,0.0,0.0,0.0,0.0,,,False,False,False,False,False,,
PL,False,False,True,True,,1.0,0,1,0.5,True,,,0,0,,,0.0,0.0,0.0,0.0,,,False,False,False,False,False,,integrator
ACAd,False,False,True,True,,,0,0,,True,,,0,0,,,0.0,0.0,0.0,0.0,,,False,False,False,False,False,,
PIR,False,False,True,True,,,0,0,,False,,,0,0,,,0.0,0.0,0.0,0.0,,,False,False,False,False,False,,
AIv,True,False,True,True,,,0,0,,True,,,0,0,,,0.0,0.0,0.0,0.0,,,False,False,False,False,False,,
AId,False,False,True,False,,1.0,0,1,0.5,True,,,0,0,,,0.0,0.0,0.0,0.0,,,False,False,False,False,False,,integrator
PPT,False,False,True,False,,,0,0,,False,,,0,0,,,0.0,0.0,0.0,0.0,,,False,False,False,False,False,,
OP,False,False,False,True,,,0,0,,False,0.0,0.1,0,0,0.1,0.1,0.0,0.0,0.0,1.7642251271092633,,1.0,False,True,True,False,False,stim_early,
NOT,False,False,True,False,,1.0,0,1,0.5,True,0.0,0.1,0,0,0.1,0.1,0.0,0.0,0.0,1.37054462303411,,1.0,False,True,True,False,False,stim_early,integrator
VISam,False,False,True,True,,,0,0,,True,0.0,0.1,0,0,0.1,0.1,0.0,0.0,0.0,0.6109851863150919,,1.0,False,True,True,False,False,stim_early,
PRNc,False,True,True,False,,1.0,0,1,0.5,True,0.7677649575219597,1.0,0,1,0.5,0.1,0.0,4.151702570879334,0.0,1.2558150947867057,0.0,0.23223504247804022,False,False,True,True,True,integrator,integrator
PRNr,False,False,True,False,,0.6476663496343867,0,1,0.5,True,0.0,0.1,0,0,0.1,0.1,0.0,0.0,0.0,0.48312066296672773,,1.0,False,True,True,False,False,stim_early,integrator
PPN,False,False,True,True,,1.0,0,1,0.5,True,,,0,0,,,0.0,0.0,0.0,0.0,,,False,False,False,False,False,,integrator
CUN,False,True,True,True,1.0,,0,0,,True,,,0,0,,,0.0,0.0,0.0,0.0,,,False,False,False,False,False,,
IC,False,False,True,False,,1.0,0,1,0.5,True,0.0,0.1,0,0,0.1,0.1,0.0,0.0,0.0,0.3721820497905115,,1.0,False,True,True,False,False,stim_early,integrator
TRS,True,True,True,True,,,0,0,,True,,,0,0,,,0.0,0.0,0.0,0.0,,,False,False,False,False,False,,
SF,True,False,True,True,,,0,0,,True,,,0,0,,,0.0,0.0,0.0,0.0,,,False,False,False,False,False,,
LSc,False,False,True,False,,,0,0,,True,,,0,0,,,0.0,0.0,0.0,0.0,,,False,False,False,False,False,,
ACAv,True,False,True,True,,,0,0,,True,,,0,0,,,0.0,0.0,0.0,0.0,,,False,False,False,False,False,,
TTd,True,False,True,True,,,0,0,,False,,,0,0,,,0.0,0.0,0.0,0.0,,,False,False,False,False,False,,
DP,False,False,True,False,,,0,0,,True,,,0,0,,,0.0,0.0,0.0,0.0,,,False,False,False,False,False,,
ORBm,True,False,True,True,,,0,0,,True,,,0,0,,,0.0,0.0,0.0,0.0,,,False,False,False,False,False,,
NOD,True,True,True,True,,1.0,0,1,0.5,True,,,0,0,,,0.0,0.0,0.0,0.0,,,False,False,False,False,False,,integrator
UVU,False,False,True,False,,1.0,0,1,0.5,True,1.0,1.0,0,1,0.5,,0.0,1.7820916362835906,0.0,0.0,0.0,0.0,False,False,False,True,False,integrator,integrator
FN,True,True,True,True,1.0,0.6147662856198309,1,0,1.0,True,0.6913016408698274,0.6913016408698274,1,0,1.0,,2.7191529126933904,6.089293365917281,0.0,0.0,0.30869835913017274,0.30869835913017274,False,False,True,True,True,move,move
PVT,False,False,True,True,,,0,0,,True,,,0,0,,,0.0,0.0,0.0,0.0,,,False,False,False,False,False,,
RR,False,False,False,True,,,0,0,,False,,,0,0,,,0.0,0.0,0.0,0.0,,,False,False,False,False,False,,
MV,False,False,True,False,,1.0,0,1,0.5,True,1.0,1.0,0,1,0.5,,0.0,2.0895036745162585,0.0,0.0,0.0,0.0,False,False,False,True,False,integrator,integrator
SNr,False,False,True,False,,0.5134911222524043,0,1,0.5,True,0.4539671567021037,0.5112520537195567,0,1,0.5,0.1,5.955897930191128,6.230133695144106,0.0,1.5377226224469722,0.48874794628044327,0.5460328432978964,False,False,True,True,True,integrator,integrator
PCG,False,False,True,True,,1.0,0,1,0.5,True,,,0,0,,,0.0,0.0,0.0,0.0,,,False,False,False,False,False,,integrator
CENT2,True,True,True,True,1.0,0.7026680489543735,1,0,1.0,True,0.574170408665354,0.6084931220877803,1,0,1.0,0.1,1.2993592615952183,2.019507749181919,0.0,0.19839497051552235,0.3915068779122197,0.425829591334646,False,False,True,True,True,move,move
SPVO,False,True,True,False,,,0,0,,True,,,0,0,,,0.0,0.0,0.0,0.0,,,False,False,False,False,False,,
VPMpc,True,True,True,False,1.0,,0,0,,True,,,0,0,,,0.0,0.0,0.0,0.0,,,False,False,False,False,False,,
Eth,False,False,True,False,,,0,0,,True,,,0,0,,,0.0,0.0,0.0,0.0,,,False,False,False,False,False,,
CS,False,False,True,True,,,0,0,,True,,,0,0,,,0.0,0.0,0.0,0.0,,,False,False,False,False,False,,
ENTm,False,False,False,False,,,0,0,,False,,,0,0,,,0.0,0.0,0.0,0.0,,,False,False,False,False,False,,
HATA,False,False,False,True,,,0,0,,False,,,0,0,,,0.0,0.0,0.0,0.0,,,False,False,False,False,False,,
MDRN,True,True,True,True,,1.0,0,1,0.5,True,,,0,0,,,0.0,0.0,0.0,0.0,,,False,False,False,False,False,,integrator
SPVC,False,False,True,True,,,0,0,,True,,,0,0,,,0.0,0.0,0.0,0.0,,,False,False,False,False,False,,
ECU,True,True,True,True,1.0,,0,0,,True,,,0,0,,,0.0,0.0,0.0,0.0,,,False,False,False,False,False,,
COPY,True,False,True,False,,,0,0,,True,,,0,0,,,0.0,0.0,0.0,0.0,,,False,False,False,False,False,,
PYR,False,False,True,False,,1.0,0,1,0.5,True,,,0,0,,,0.0,0.0,0.0,0.0,,,False,False,False,False,False,,integrator
FOTU,False,False,True,True,,1.0,0,1,0.5,True,,,0,0,,,0.0,0.0,0.0,0.0,,,False,False,False,False,False,,integrator
DEC,False,False,True,False,,1.0,0,1,0.5,True,,,0,0,,,0.0,0.0,0.0,0.0,,,False,False,False,False,False,,integrator
SPA,False,False,True,True,,,0,0,,False,,,0,0,,,0.0,0.0,0.0,0.0,,,False,False,False,False,False,,
LGv,False,False,False,False,,,0,0,,False,,,0,0,,,0.0,0.0,0.0,0.0,,,False,False,False,False,False,,
NDB,False,False,True,False,,,0,0,,False,,,0,0,,,0.0,0.0,0.0,0.0,,,False,False,False,False,False,,
NLL,False,False,True,True,,1.0,0,1,0.5,True,,,0,0,,,0.0,0.0,0.0,0.0,,,False,False,False,False,False,,integrator
SAG,False,False,False,False,,,0,0,,False,0.0,0.1,0,0,0.1,0.1,0.0,0.0,0.0,1.0523357558557536,,1.0,False,True,True,False,False,stim_early,
SSp-ul,False,False,True,True,,1.0,0,1,0.5,True,1.0,1.0,0,1,0.5,,0.0,3.7075496181278274,0.0,0.0,0.0,0.0,False,False,False,True,False,integrator,integrator
VM,False,False,True,True,,1.0,0,1,0.5,True,1.0,1.0,0,1,0.5,,0.0,3.0728773896086743,0.0,0.0,0.0,0.0,False,False,False,True,False,integrator,integrator
CM,False,False,True,True,,,0,0,,True,,,0,0,,,0.0,0.0,0.0,0.0,,,False,False,False,False,False,,
SIM,False,True,True,True,,0.6654105866636665,0,1,0.5,True,0.8806890417917552,1.0,0,1,0.5,0.1,0.0,1.93279181633714,0.0,0.2618441160061189,0.0,0.11931095820824479,False,False,True,True,True,integrator,integrator
MH,False,False,True,True,,,0,0,,True,,,0,0,,,0.0,0.0,0.0,0.0,,,False,False,False,False,False,,
SOC,False,False,True,True,,0.4841829803545057,0,1,0.5,True,1.0,1.0,0,1,0.5,,0.0,7.83565119402554,0.0,0.0,0.0,0.0,False,False,False,True,False,integrator,integrator
P5,False,False,False,True,,1.0,0,0,,True,1.0,1.0,0,1,0.5,,0.0,2.569580692450862,0.0,0.0,0.0,0.0,False,False,False,True,False,integrator,
PAR,True,False,True,True,,1.0,0,1,0.5,True,1.0,1.0,0,1,0.5,,0.0,2.979858947223102,0.0,0.0,0.0,0.0,False,False,False,True,False,integrator,integrator
VISpl,False,False,True,True,,,0,0,,True,,,0,0,,,0.0,0.0,0.0,0.0,,,False,False,False,False,False,,
ENTl,False,False,True,False,,,0,0,,True,,,0,0,,,0.0,0.0,0.0,0.0,,,False,False,False,False,False,,
VISli,False,False,True,True,,,0,0,,True,,,0,0,,,0.0,0.0,0.0,0.0,,,False,False,False,False,False,,
VISl,False,False,False,True,,,0,0,,False,,,0,0,,,0.0,0.0,0.0,0.0,,,False,False,False,False,False,,
LRN,True,True,True,True,1.0,1.0,1,0,1.0,True,,,1,-1,1.0,,0.0,0.0,0.0,0.0,,,False,False,False,False,False,move,move
DCO,False,False,True,True,,1.0,0,1,0.5,True,0.0,0.1,0,0,0.1,0.1,0.0,0.0,0.0,0.3150302522394979,,1.0,False,True,True,False,False,stim_early,integrator
DR,False,False,False,True,,,0,0,,True,,,0,0,,,0.0,0.0,0.0,0.0,,,False,False,False,False,False,,
MEA,False,False,False,True,,,0,0,,False,,,0,0,,,0.0,0.0,0.0,0.0,,,False,False,False,False,False,,
PRM,False,False,True,True,,1.0,0,1,0.5,True,,,0,0,,,0.0,0.0,0.0,0.0,,,False,False,False,False,False,,integrator
ANcr2,False,False,True,True,,1.0,0,1,0.5,True,,,0,0,,,0.0,0.0,0.0,0.0,,,False,False,False,False,False,,integrator
ANcr1,False,False,True,True,,,0,0,,True,,,0,0,,,0.0,0.0,0.0,0.0,,,False,False,False,False,False,,
PRP,False,False,True,False,,,0,0,,True,,,0,0,,,0.0,0.0,0.0,0.0,,,False,False,False,False,False,,
VISpm,True,False,True,True,,,0,0,,True,0.0,0.0,0,0,0.0,0.1,0.8914090947785818,0.0,0.0,0.7542063165937813,1.0,1.0,True,True,True,False,False,stim,
GRN,True,True,True,True,1.0,0.7325173893052251,1,0,1.0,True,0.6598581141665285,0.6598581141665285,1,0,1.0,,3.0853651419104624,5.985452862023967,0.0,0.0,0.34014188583347144,0.34014188583347144,False,False,True,True,True,move,move
LING,False,False,True,False,,1.0,0,1,0.5,True,0.49968681227412926,0.49968681227412926,0,1,0.5,,2.579527835566739,2.5762983526090197,0.0,0.0,0.5003131877258707,0.5003131877258707,False,False,True,True,True,integrator,integrator
PFL,False,False,True,True,,,0,0,,True,,,0,0,,,0.0,0.0,0.0,0.0,,,False,False,False,False,False,,
MS,False,False,False,False,,,0,0,,False,,,0,0,,,0.0,0.0,0.0,0.0,,,False,False,False,False,False,,
ILA,False,False,True,True,,0.5227344637610268,0,1,0.5,True,1.0,1.0,0,1,0.5,,0.0,0.8393605239149435,0.0,0.0,0.0,0.0,False,False,False,True,False,integrator,integrator
MARN,True,True,True,True,1.0,1.0,1,0,1.0,True,1.0,1.0,1,0,1.0,,0.0,4.150767833083487,0.0,0.0,0.0,0.0,False,False,False,True,False,move,move
VeCB,False,False,True,True,,0.5261640445282328,0,1,0.5,True,0.5293326928765963,0.5293326928765963,0,1,0.5,,4.3262361848523545,4.865471247076976,0.0,0.0,0.4706673071234037,0.4706673071234037,False,False,True,True,True,integrator,integrator
EPd,False,False,True,True,,,0,0,,True,,,0,0,,,0.0,0.0,0.0,0.0,,,False,False,False,False,False,,
LDT,False,False,True,False,,1.0,0,1,0.5,True,,,0,0,,,0.0,0.0,0.0,0.0,,,False,False,False,False,False,,integrator
SMT,False,False,True,True,,1.0,0,1,0.5,True,1.0,1.0,0,1,0.5,,0.0,3.243271278547278,0.0,0.0,0.0,0.0,False,False,False,True,False,integrator,integrator
VII,True,True,True,True,1.0,1.0,1,0,1.0,True,1.0,1.0,1,0,1.0,,0.0,3.992463245330676,0.0,0.0,0.0,0.0,False,False,False,True,False,move,move
BLA,True,False,True,True,,,0,0,,True,,,0,0,,,0.0,0.0,0.0,0.0,,,False,False,False,False,False,,
CEA,False,False,True,False,,,0,0,,True,,,0,0,,,0.0,0.0,0.0,0.0,,,False,False,False,False,False,,
AM,False,False,True,True,,,0,0,,True,,,0,0,,,0.0,0.0,0.0,0.0,,,False,False,False,False,False,,
IAD,False,False,True,True,,,0,0,,True,,,0,0,,,0.0,0.0,0.0,0.0,,,False,False,False,False,False,,
OT,False,False,False,True,,,0,0,,True,,,0,0,,,0.0,0.0,0.0,0.0,,,False,False,False,False,False,,
SSp-ll,False,False,True,False,,,0,0,,True,,,0,0,,,0.0,0.0,0.0,0.0,,,False,False,False,False,False,,
GPi,True,True,True,True,1.0,1.0,1,0,1.0,True,,,1,-1,1.0,,0.0,0.0,0.0,0.0,,,False,False,False,False,False,move,move
AUDd,True,True,True,True,1.0,,0,0,,True,,,0,0,,,0.0,0.0,0.0,0.0,,,False,False,False,False,False,,
ORBl,False,False,True,False,,,0,0,,True,,,0,0,,,0.0,0.0,0.0,0.0,,,False,False,False,False,False,,
VISpor,True,True,True,True,,,0,0,,False,,,0,0,,,0.0,0.0,0.0,0.0,,,False,False,False,False,False,,
CLI,True,False,True,True,,1.0,0,1,0.5,True,,,0,0,,,0.0,0.0,0.0,0.0,,,False,False,False,False,False,,integrator
SSp-un,False,True,True,False,,1.0,0,1,0.5,True,,,0,0,,,0.0,0.0,0.0,0.0,,,False,False,False,False,False,,integrator
PCN,False,False,False,False,,,0,0,,True,,,0,0,,,0.0,0.0,0.0,0.0,,,False,False,False,False,False,,
AAA,False,False,False,False,,,0,0,,False,,,0,0,,,0.0,0.0,0.0,0.0,,,False,False,False,False,False,,
FS,False,False,True,False,,,0,0,,True,,,0,0,,,0.0,0.0,0.0,0.0,,,False,False,False,False,False,,
RPF,True,True,True,True,1.0,1.0,1,0,1.0,True,1.0,1.0,1,0,1.0,,0.0,4.111557534515661,0.0,0.0,0.0,0.0,False,False,False,True,False,move,move
TR,False,False,True,False,,,0,0,,True,,,0,0,,,0.0,0.0,0.0,0.0,,,False,False,False,False,False,,
LHA,False,False,True,True,,,0,0,,True,,,0,0,,,0.0,0.0,0.0,0.0,,,False,False,False,False,False,,
BST,False,False,True,False,,,0,0,,True,,,0,0,,,0.0,0.0,0.0,0.0,,,False,False,False,False,False,,
LPO,True,True,True,True,1.0,0.522389630162706,1,0,1.0,True,,,1,-1,1.0,,0.0,0.0,0.0,0.0,,,False,False,False,False,False,move,move
FC,True,True,True,False,1.0,,0,0,,True,,,0,0,,,0.0,0.0,0.0,0.0,,,False,False,False,False,False,,
PAA,True,False,False,True,,,0,0,,False,,,0,0,,,0.0,0.0,0.0,0.0,,,False,False,False,False,False,,
PS,False,False,True,False,,,0,0,,False,,,0,0,,,0.0,0.0,0.0,0.0,,,False,False,False,False,False,,
MOB,False,False,False,True,,,0,0,,False,,,0,0,,,0.0,0.0,0.0,0.0,,,False,False,False,False,False,,
DN,False,True,True,False,,1.0,0,1,0.5,True,1.0,1.0,0,1,0.5,,0.0,3.7889828768066227,0.0,0.0,0.0,0.0,False,False,False,True,False,integrator,integrator
VCO,False,False,True,True,,0.5081161446115676,0,1,0.5,True,0.49447698927420497,0.49447698927420497,0,1,0.5,,4.339229131549121,4.2444140251078935,0.0,0.0,0.5055230107257951,0.5055230107257951,False,False,True,True,True,integrator,integrator
FL,False,False,False,True,,,0,0,,True,,,0,0,,,0.0,0.0,0.0,0.0,,,False,False,False,False,False,,
NI,False,False,True,False,,,0,0,,True,,,0,0,,,0.0,0.0,0.0,0.0,,,False,False,False,False,False,,
PR,True,True,True,True,1.0,,0,0,,True,,,0,0,,,0.0,0.0,0.0,0.0,,,False,False,False,False,False,,
MPO,True,False,True,True,,,0,0,,True,,,0,0,,,0.0,0.0,0.0,0.0,,,False,False,False,False,False,,
DTN,False,False,True,False,,,0,0,,False,,,0,0,,,0.0,0.0,0.0,0.0,,,False,False,False,False,False,,
GU,False,False,True,True,,,0,0,,True,,,0,0,,,0.0,0.0,0.0,0.0,,,False,False,False,False,False,,
SSp-m,False,True,True,False,,,0,0,,False,,,0,0,,,0.0,0.0,0.0,0.0,,,False,False,False,False,False,,
PC5,False,False,False,True,,1.0,0,0,,True,,,0,0,,,0.0,0.0,0.0,0.0,,,False,False,False,False,False,,
PeF,False,False,True,True,,,0,0,,False,,,0,0,,,0.0,0.0,0.0,0.0,,,False,False,False,False,False,,
VPLpc,False,False,False,False,,,0,0,,True,,,0,0,,,0.0,0.0,0.0,0.0,,,False,False,False,False,False,,
CLA,False,False,True,False,,,0,0,,True,,,0,0,,,0.0,0.0,0.0,0.0,,,False,False,False,False,False,,
